document_id,title,organization,topic,topic_category,source_url,publication_date,retrieval_date,document_type,evidence_level,local_filename,version,approved_for_ingestion,notes,curated_path

hhs_physical_activity_guidelines_2e,"Physical Activity Guidelines for Americans, 2nd Edition",HHS,physical_activity,exercise,https://odphp.health.gov/our-work/nutrition-physical-activity/physical-activity-guidelines/current-guidelines,2018,,guideline,authoritative_guideline,hhs_physical_activity_guidelines_2e.md,2e,TRUE,"Curated HHS 2nd edition guidelines. Contains Markdown tables and figure references from PDF curation. Approved after Phase C3 chunk inspection.",

healthcoach_trend_detection,"Trend Detection & Signal Processing — Baselines, Thresholds, Changepoints and Data Hygiene",,trend_detection,integrated_health,,,,curated_evidence_synthesis,curated_evidence_synthesis,healthcoach_trend_detection.md,L2-TD-001,TRUE,"Internal Health Coach RAG corpus doc_id L2-TD-001. last_reviewed=2026-08-07; evidence_grade=A; verification_status=verified. Source keys: ISO-statistical-methods; Shaffer-2017. YAML frontmatter present. Approved after Phase C3 chunk inspection.",

healthcoach_correlation_modeling,"Correlation & Relationship Modeling — Approved Relationship Catalogue, Suppression Gates and Safe Interpretation Levels",,correlation_modeling,integrated_health,,,,curated_evidence_synthesis,curated_evidence_synthesis,healthcoach_correlation_modeling.md,L2-CR-002,FALSE,"Internal Health Coach RAG corpus doc_id L2-CR-002 supersedes L2-CR-001. last_revised=2026-08-17; evidence_grade=pending_row_level_verification; verification_status=revision_complete_pending_review. Phase C5 remediated content integrated; claim-level review pending. approved_for_ingestion=FALSE.",

healthcoach_safety_scope_escalation,"Safety, Scope & Escalation — Always-Injected Core and Gate Definitions",,safety_scope_escalation,integrated_health,,,,curated_evidence_synthesis,curated_evidence_synthesis,healthcoach_safety_scope_escalation.md,L3-SF-001,TRUE,"Internal Health Coach RAG corpus doc_id L3-SF-001. last_reviewed=2026-08-07; evidence_grade=A; verification_status=verified. Always-injected safety core. Source keys: AHA-RHR; ACSM-GETP11; WHO-PA-2020. YAML frontmatter present. Approved after Phase C3 chunk inspection.",

